Microtronic Enterprise,IT213456,Via Alta 32,Roma,Italy
Miditronic Technologies,FR322345,Avenue Lafarge 23,Grenoble,France
Softix Providers,FR065748,Rue Haute 32,Lyon,France
Red Communications,RU567434,Pobeda Ulitsa 21,Moscow,Russia
IT Works,IT231232,Via Prossima 12,Torino,Italy
Limited Adventure,FR121212,Avenue Marcheariere 18,Paris,France
Microtronic Enterprise,IT213456,Via Alta 32,Roma,Italy
Miditronic Technologies,FR322345,Avenue Lafarge 23,Grenoble,France
Softix Providers,FR065748,Rue Haute 32,Lyon,France
Red Communications,RU567434,Pobeda Ulitsa 21,Moscow,Russia
IT Works,IT231232,Via Prossima 12,Torino,Italy
Limited Adventure,FR121212,Avenue Marcheariere 18,Paris,France
Microtronic Enterprise,IT213456,Via Alta 32,Roma,Italy
Miditronic Technologies,FR322345,Avenue Lafarge 23,Grenoble,France
Softix Providers,FR065748,Rue Haute 32,Lyon,France
Red Communications,RU567434,Pobeda Ulitsa 21,Moscow,Russia
IT Works,IT231232,Via Prossima 12,Torino,Italy
Limited Adventure,FR121212,Avenue Marcheariere 18,Paris,France
Microtronic Enterprise,IT213456,Via Alta 32,Roma,Italy
Miditronic Technologies,FR322345,Avenue Lafarge 23,Grenoble,France
Softix Providers,FR065748,Rue Haute 32,Lyon,France
Red Communications,RU567434,Pobeda Ulitsa 21,Moscow,Russia
IT Works,IT231232,Via Prossima 12,Torino,Italy
Limited Adventure,FR121212,Avenue Marcheariere 18,Paris,France
